https://shopandshow.ru/catalog/,Каталог
https://shopandshow.ru/catalog/dom/hranenie/,Товары для хранения
https://shopandshow.ru/catalog/dom/klimat/,Климатическое оборудование
https://shopandshow.ru/catalog/dom/tovary-dlya-dachi/piknik-otdyih-na-prirode/,Товары для пикника
https://shopandshow.ru/catalog/gadzhity/aksessuaryi/,Аксессуары для электроники
https://shopandshow.ru/catalog/gadzhity/audio/,Аудиотехника
https://shopandshow.ru/catalog/gadzhity/audio/prochee/,Прочая аудиотехника
https://shopandshow.ru/catalog/gadzhity/avto-elektronika/,Автоэлектроника
https://shopandshow.ru/catalog/gadzhity/video/,Видеотехника
https://shopandshow.ru/catalog/khobbi/,Товары для хобби
https://shopandshow.ru/catalog/khobbi/dlya-mujchin/,Товары для хобби для мужчин
https://shopandshow.ru/catalog/khobbi/rukodelie/,Товары для рукоделия
https://shopandshow.ru/catalog/khobbi/rukodelie/izgotovlenie-igrushek/,Товары для изготовления игрушек
https://shopandshow.ru/catalog/khobbi/rukodelie/risovanie/,Наборы для рисования
https://shopandshow.ru/catalog/khobbi/rukodelie/vyishivanie-biserom/,Наборы для вышивания бисером
https://shopandshow.ru/catalog/khobbi/rukodelie/vyishivanie-krestikom/,Товары для вышивания крестиком
https://shopandshow.ru/catalog/khobbi/shite/,Товары для шитья
https://shopandshow.ru/catalog/khobbi/vyazanie/,Товары для вязания
https://shopandshow.ru/catalog/krasota-i-zdorove/dlya-mujchin/,Косметика для мужчин
https://shopandshow.ru/catalog/krasota-i-zdorove/kosmetika/,Товары для здоровья
https://shopandshow.ru/catalog/krasota-i-zdorove/naboryi/,Подарочные наборы косметики
https://shopandshow.ru/catalog/krasota-i-zdorove/sredstva-dlya-uhoda/ekspress-uhod/,Средства для экспресс-ухода
https://shopandshow.ru/catalog/krasota-i-zdorove/sredstva-dlya-uhoda/ochischenie/,Средства для очищения лица
https://shopandshow.ru/catalog/krasota-i-zdorove/sredstva-dlya-uhoda/uhod-za-litsom/,Средства по уходу за лицом
https://shopandshow.ru/catalog/krasota-i-zdorove/sredstva-dlya-uhoda/uhod-za-telom/,Средства по уходу за телом
https://shopandshow.ru/catalog/krasota-i-zdorove/sredstva-dlya-uhoda/uhod-za-volosami/,Средства по уходу за волосами
https://shopandshow.ru/catalog/kukhnya/,Товары для кухни
https://shopandshow.ru/catalog/kukhnya/kuhonnyie-aksessuaryi/prochee/,Прочие товары для кухни
https://shopandshow.ru/catalog/kukhnya/podarok/,Подарочные наборы посуды
https://shopandshow.ru/catalog/moda/,Женская одежда
https://shopandshow.ru/catalog/moda/bluzyi-rubashki-djemperyi/,"Женские блузы, рубашки, джемперы"
https://shopandshow.ru/catalog/moda/bryuki/,Женские брюки
https://shopandshow.ru/catalog/moda/domashnyaya-odejda/,Женская домашняя одежда
https://shopandshow.ru/catalog/moda/kardiganyi-jaketyi-poncho/,"Женские кардиганы, жакеты, пончо"
https://shopandshow.ru/catalog/moda/kombinezonyi/,Женские комбинезоны
https://shopandshow.ru/catalog/moda/komplektyi-odejdyi/,Женские комплекты одежды
https://shopandshow.ru/catalog/moda/kupalniki/,Женские купальники
https://shopandshow.ru/catalog/moda/legginsyi/,Леггинсы женские
https://shopandshow.ru/catalog/moda/modnyie-aksessuaryi/golovnyie-uboryi/,Женские головные уборы
https://shopandshow.ru/catalog/moda/modnyie-aksessuaryi/sumki/,Женские сумки
https://shopandshow.ru/catalog/moda/nijnee-bele/,Женское белье
https://shopandshow.ru/catalog/moda/verhnyaya-odejda/,Женская верхняя одежда
https://shopandshow.ru/catalog/moda/verkhnyaya-odezhda/vesna-osen/,Женская верхняя одежда весна/осень
https://shopandshow.ru/catalog/moda/verkhnyaya-odezhda/zimnyaya-odezhda/,Женская зимняя одежда
https://shopandshow.ru/catalog/moda/yubki/,Женские юбки
https://shopandshow.ru/catalog/obuv/,Женская обувь
https://shopandshow.ru/catalog/obuv/botinki-i-polubotinki/,Женские ботинки и полуботинки
https://shopandshow.ru/catalog/obuv/domashnyaya-obuv/,Женская домашняя обувь
https://shopandshow.ru/catalog/obuv/kedyi-i-krossovki/,Женские кроссовки и кеды
https://shopandshow.ru/catalog/obuv/sapogi-i-polusapogi/,Женские сапоги и полусапоги
https://shopandshow.ru/catalog/obuv/tufli/,Женские туфли
https://shopandshow.ru/catalog/ukrasheniya/aksessuaryi/,Аксессуары для украшений
https://shopandshow.ru/catalog/ukrasheniya/dlya-muzhchin/,Украшения для мужчин
https://shopandshow.ru/catalog/ukrasheniya/ukr_podarok/,Подарочные украшения
https://shopandshow.ru/catalog/ukrasheniya/ukrasheniya-iz-serebra/brasletyi/,Серебряные браслеты
https://shopandshow.ru/catalog/ukrasheniya/ukrasheniya-iz-serebra/chasyi/,Серебряные часы
https://shopandshow.ru/catalog/ukrasheniya/ukrasheniya-iz-serebra/koltsa/,Серебряные кольца
https://shopandshow.ru/catalog/ukrasheniya/ukrasheniya-iz-serebra/komplekty_silver/,Серебряные комплекты украшений
https://shopandshow.ru/catalog/ukrasheniya/ukrasheniya-iz-serebra/kulonyi-kole/,"Серебряные кулоны, колье"
https://shopandshow.ru/catalog/ukrasheniya/ukrasheniya-iz-serebra/sergi/,Серебряные серьги
https://shopandshow.ru/catalog/ukrasheniya/ukrasheniya-iz-serebra/suvenir/,Серебряные сувениры
https://shopandshow.ru/catalog/ukrasheniya/ukrasheniya-iz-serebra/tsepochki/,Серебряные цепочки
https://shopandshow.ru/catalog/ukrasheniya/ukrasheniya-iz-zolota/braslety_gold/,Золотые браслеты
https://shopandshow.ru/catalog/ukrasheniya/ukrasheniya-iz-zolota/chasyi/,Золотые часы
https://shopandshow.ru/catalog/ukrasheniya/ukrasheniya-iz-zolota/koltsa/,Золотые кольца
https://shopandshow.ru/catalog/ukrasheniya/ukrasheniya-iz-zolota/komplekty_gold/,Золотые комплекты украшений
https://shopandshow.ru/catalog/ukrasheniya/ukrasheniya-iz-zolota/kulonyi-kole/,"Золотые кулоны, колье"
https://shopandshow.ru/catalog/ukrasheniya/ukrasheniya-iz-zolota/sergi/,Золотые серьги
https://shopandshow.ru/catalog/ukrasheniya/ukrasheniya-iz-zolota/tsepochki/,Золотые цепочки
https://shopandshow.ru/catalog/ukrasheniya/yuvelirnaya-bijuteriya/brasletyi/,Браслеты бижутерия
https://shopandshow.ru/catalog/ukrasheniya/yuvelirnaya-bijuteriya/koltsa/,Кольца бижутерия
https://shopandshow.ru/catalog/ukrasheniya/yuvelirnaya-bijuteriya/komplektyi/,Комплекты бижутерия
https://shopandshow.ru/catalog/ukrasheniya/yuvelirnaya-bijuteriya/kulonyi-kole/,"Кулоны, колье бижутерия"
https://shopandshow.ru/catalog/ukrasheniya/yuvelirnaya-bijuteriya/sergi/,Серьги бижутерия
